static_avg_mv,fused_avg_mv,window_id,ts_code,name,is_dynamic_only,avg_mv_delta_fused_minus_static
138120.2953125,84745.62187500001,1,159915.SZ,易方达创业板ETF,False,-53374.673437499994
0.0,0.0,1,510500.SH,南方中证500ETF,False,0.0
141157.809375,40219.4515625,1,511880.SH,银华货币ETF-A,False,-100938.3578125
0.0,0.0,1,510050.SH,华夏上证50ETF,False,0.0
36338.134375,4141.078125,1,510300.SH,华泰柏瑞沪深300ETF,False,-32197.05625
49366.4140625,0.0,1,159919.SZ,嘉实沪深300ETF,False,-49366.4140625
61428.6171875,45886.571874999994,1,510880.SH,华泰柏瑞上证红利ETF,False,-15542.045312500006
0.0,0.0,1,513100.SH,国泰纳斯达克100ETF(QDII),False,0.0
86672.98125,24320.2765625,1,159920.SZ,华夏恒生ETF(QDII),False,-62352.704687499994
0.0,0.0,1,511990.SH,华宝现金添益货币ETF-A,False,0.0
0.0,0.0,1,511010.SH,国泰上证5年期国债ETF,False,0.0
13908.21875,4089.4624999999996,1,518880.SH,华安易富黄金ETF,False,-9818.75625
24230.414062499996,16490.6625,1,513500.SH,博时标普500ETF(QDII),False,-7739.751562499998
14264.484375,4139.6875,1,512070.SH,易方达沪深300非银行金融ETF,False,-10124.796875
0.0,5133.46875,1,511220.SH,海富通上证城投债ETF,False,5133.46875
49275.5140625,33911.110937499994,1,161226.SZ,国投瑞银白银期货(LOF)-A,False,-15364.403125000004
48241.1921875,40986.510937499996,1,501018.SH,南方原油(QDII-LOF-FOF)-A,False,-7254.6812500000015
0.0,0.0,1,512880.SH,国泰中证全指证券公司ETF,False,0.0
0.0,0.0,1,512100.SH,南方中证1000ETF,False,0.0
170764.8953125,132307.8796875,1,159949.SZ,华安创业板50ETF,False,-38457.015625
28280.060937500002,36856.746875,1,513050.SH,易方达中证海外中国互联网50ETF(QDII),False,8576.685937499995
96672.57187500001,65272.39843750001,1,160723.SZ,嘉实原油(QDII-LOF-FOF),False,-31400.1734375
135173.9453125,99742.590625,1,512400.SH,南方中证申万有色金属ETF,False,-35431.3546875
0.0,0.0,1,512040.SH,富国中证价值ETF,False,0.0
51877.865625,6171.110937500001,1,512890.SH,华泰柏瑞中证红利低波动ETF,False,-45706.7546875
14316.128125,0.0,1,512480.SH,国联安中证全指半导体产品与设备ETF,False,-14316.128125
99212.490625,64929.7578125,1,513520.SH,华夏野村日经225ETF(QDII),False,-34282.732812500006
0.0,0.0,1,515880.SH,国泰中证全指通信设备ETF,False,0.0
18830.6625,0.0,1,515180.SH,易方达中证红利ETF,False,-18830.6625
54333.5296875,54872.4703125,1,159985.SZ,华夏饲料豆粕期货ETF,False,538.9406250000029
87364.35625,62832.428125000006,1,159980.SZ,大成有色金属期货ETF,False,-24531.92812499999
36672.337499999994,21916.293749999997,1,159995.SZ,华夏国证半导体芯片ETF,False,-14756.043749999997
83599.87343749999,71972.15625,1,159981.SZ,建信易盛郑商所能源化工期货ETF,False,-11627.717187499991
12311.678124999999,11639.51875,1,513090.SH,易方达中证香港证券投资主题ETF,False,-672.1593749999993
0.0,0.0,1,511380.SH,博时中证可转债及可交换债券ETF,False,0.0
0.0,0.0,1,518850.SH,华夏黄金ETF,False,0.0
4725.1875,4095.1625,1,511360.SH,海富通中证短融ETF,False,-630.0250000000001
0.0,0.0,1,588000.SH,华夏上证科创板50成份ETF,False,0.0
0.0,0.0,1,588080.SH,易方达上证科创板50成份ETF,False,0.0
0.0,0.0,1,159870.SZ,鹏华中证细分化工产业主题ETF,False,0.0
0.0,0.0,1,513330.SH,华夏恒生互联网科技业ETF(QDII),False,0.0
0.0,0.0,1,516310.SH,易方达中证银行ETF,False,0.0
0.0,0.0,1,159887.SZ,富国中证800银行ETF,False,0.0
0.0,0.0,1,513690.SH,博时恒生港股通高股息率ETF,False,0.0
0.0,0.0,1,159611.SZ,广发中证全指电力公用事业ETF,False,0.0
0.0,0.0,1,159792.SZ,富国中证港股通互联网ETF,False,0.0
0.0,0.0,1,562500.SH,华夏中证机器人ETF,False,0.0
0.0,0.0,1,513130.SH,华泰柏瑞南方东英恒生科技指数ETF(QDII),False,0.0
0.0,0.0,1,513180.SH,华夏恒生科技ETF(QDII),False,0.0
0.0,0.0,1,513120.SH,广发中证香港创新药ETF(QDII),False,0.0
0.0,0.0,1,513310.SH,华泰柏瑞中证韩交所中韩半导体ETF(QDII),False,0.0
0.0,0.0,1,159516.SZ,国泰中证半导体材料设备主题ETF,False,0.0
0.0,0.0,1,563300.SH,华泰柏瑞中证2000ETF,False,0.0
0.0,0.0,1,159682.SZ,景顺长城创业板50ETF,False,0.0
0.0,0.0,1,513730.SH,华泰柏瑞南方东英新交所泛东南亚科技ETF(QDII),False,0.0
0.0,0.0,1,513400.SH,鹏华道琼斯工业平均ETF(QDII),False,0.0
0.0,0.0,1,159570.SZ,汇添富国证港股通创新药ETF,False,0.0
0.0,0.0,1,159583.SZ,富国中证通信设备主题ETF,False,0.0
0.0,0.0,1,159530.SZ,易方达国证机器人产业ETF,False,0.0
0.0,0.0,1,159326.SZ,华夏中证电网设备主题ETF,False,0.0
0.0,0.0,1,159206.SZ,永赢国证商用卫星通信产业ETF,False,0.0
0.0,0.0,1,563360.SH,华泰柏瑞中证A500ETF,False,0.0
0.0,0.0,1,159201.SZ,华夏国证自由现金流ETF,False,0.0
0.0,0.0,1,159399.SZ,国泰富时中国A股自由现金流聚焦ETF,False,0.0
0.0,0.0,1,518800.SH,国泰黄金ETF,True,0.0
0.0,0.0,1,150153.SZ,富国创业板指数分级-B,True,0.0
0.0,0.0,1,511660.SH,建信现金添益货币ETF-H,True,0.0
0.0,0.0,1,150228.SZ,鹏华中证银行指数分级-B,True,0.0
0.0,0.0,1,150201.SZ,招商中证全指证券公司指数分级-B,True,0.0
0.0,0.0,1,150152.SZ,富国创业板指数分级-A,True,0.0
0.0,77744.9984375,1,159901.SZ,易方达深证100ETF,True,77744.9984375
0.0,0.0,1,510180.SH,华安上证180ETF,True,0.0
0.0,45007.525,1,512660.SH,国泰中证军工ETF,True,45007.525
0.0,0.0,1,150018.SZ,银华深证100指数分级-稳健,True,0.0
0.0,0.0,1,512180.SH,建信MSCI中国A股国际通ETF,True,0.0
0.0,0.0,1,512090.SH,易方达MSCI中国A股国际通ETF,True,0.0
0.0,0.0,1,159902.SZ,华夏中小企业100ETF,True,0.0
0.0,0.0,1,159922.SZ,嘉实中证500ETF,True,0.0
0.0,43728.8515625,1,162411.SZ,华宝标普石油天然气上游股票指数(QDII-LOF)-A-CNY,True,43728.8515625
0.0,0.0,1,150019.SZ,银华深证100指数分级-积极,True,0.0
0.0,56698.612499999996,1,150197.SZ,国泰国证有色金属行业指数分级-B,True,56698.612499999996
0.0,0.0,1,159939.SZ,广发中证全指信息技术ETF,True,0.0
0.0,0.0,1,512010.SH,易方达沪深300医药卫生ETF,True,0.0
0.0,143258.465625,1,159905.SZ,工银瑞信深证红利ETF,True,143258.465625
0.0,0.0,1,160416.SZ,华安标普全球石油指数(QDII-LOF)-A,True,0.0
0.0,0.0,1,512290.SH,国泰中证生物医药ETF,True,0.0
0.0,17345.8125,1,512760.SH,国泰CES半导体芯片行业ETF,True,17345.8125
0.0,0.0,1,513030.SH,华安国际龙头(DAX)ETF(QDII),True,0.0
0.0,27053.090625,1,159966.SZ,华夏创业板低波价值ETF,True,27053.090625
0.0,0.0,1,511260.SH,国泰上证10年期国债ETF,True,0.0
0.0,0.0,1,515030.SH,华夏中证新能源汽车ETF,True,0.0
0.0,0.0,1,512690.SH,鹏华中证酒ETF,True,0.0
0.0,0.0,1,512700.SH,南方中证银行ETF,True,0.0
0.0,0.0,1,513550.SH,华泰柏瑞中证港股通50ETF,True,0.0
0.0,0.0,1,515790.SH,华泰柏瑞中证光伏产业ETF,True,0.0
0.0,0.0,1,164906.SZ,交银中证海外中国互联网指数(QDII-LOF)-A,True,0.0
0.0,0.0,1,513300.SH,华夏纳斯达克100ETF(QDII),True,0.0
0.0,0.0,1,513360.SH,博时中证全球中国教育主题ETF(QDII),True,0.0
0.0,0.0,1,513060.SH,博时恒生医疗保健ETF(QDII),True,0.0
0.0,0.0,1,159605.SZ,广发中证海外中国互联网30ETF(QDII),True,0.0
0.0,0.0,1,159632.SZ,华安纳斯达克100ETF(QDII),True,0.0
0.0,0.0,1,515100.SH,景顺长城中证红利低波动100ETF,True,0.0
0.0,0.0,1,511520.SH,富国中债7-10年政策性金融债ETF,True,0.0
0.0,0.0,1,513880.SH,华安三菱日联日经225ETF(QDII),True,0.0
0.0,0.0,1,512170.SH,华宝中证医疗ETF,True,0.0
0.0,0.0,1,159509.SZ,景顺长城纳斯达克科技市值加权ETF(QDII),True,0.0
0.0,0.0,1,517520.SH,永赢中证沪深港黄金产业股票ETF,True,0.0
0.0,0.0,1,511090.SH,鹏扬中债-30年期国债ETF,True,0.0
0.0,0.0,1,159529.SZ,景顺长城标普消费精选ETF(QDII),True,0.0
0.0,0.0,1,161116.SZ,易方达黄金主题(QDII-LOF-FOF)-A-CNY,True,0.0
0.0,0.0,1,512820.SH,汇添富中证银行ETF,True,0.0
0.0,0.0,1,588200.SH,嘉实上证科创板芯片ETF,True,0.0
100888.7875,68574.546875,2,159915.SZ,易方达创业板ETF,False,-32314.240625000006
20634.049999999996,8304.421875,2,510500.SH,南方中证500ETF,False,-12329.628124999996
9182.759375000001,4278.825000000001,2,511880.SH,银华货币ETF-A,False,-4903.934375000001
0.0,0.0,2,510050.SH,华夏上证50ETF,False,0.0
0.0,0.0,2,510300.SH,华泰柏瑞沪深300ETF,False,0.0
14045.3171875,4378.6875,2,159919.SZ,嘉实沪深300ETF,False,-9666.6296875
37146.129687500004,30376.6,2,510880.SH,华泰柏瑞上证红利ETF,False,-6769.529687500006
84896.3,67221.6484375,2,513100.SH,国泰纳斯达克100ETF(QDII),False,-17674.651562500003
0.0,0.0,2,159920.SZ,华夏恒生ETF(QDII),False,0.0
4531.79375,4219.25625,2,511990.SH,华宝现金添益货币ETF-A,False,-312.53749999999945
0.0,0.0,2,511010.SH,国泰上证5年期国债ETF,False,0.0
59679.1140625,43930.2765625,2,518880.SH,华安易富黄金ETF,False,-15748.837499999994
125592.64531250001,100956.15156249999,2,513500.SH,博时标普500ETF(QDII),False,-24636.493750000023
4469.0625,4362.75,2,512070.SH,易方达沪深300非银行金融ETF,False,-106.3125
0.0,0.0,2,511220.SH,海富通上证城投债ETF,False,0.0
99053.1578125,98370.728125,2,161226.SZ,国投瑞银白银期货(LOF)-A,False,-682.4296875
0.0,0.0,2,501018.SH,南方原油(QDII-LOF-FOF)-A,False,0.0
13523.975,13523.975,2,512880.SH,国泰中证全指证券公司ETF,False,0.0
41812.690625,4642.1953125,2,512100.SH,南方中证1000ETF,False,-37170.4953125
136983.96875,132255.04375,2,159949.SZ,华安创业板50ETF,False,-4728.924999999988
117354.6890625,107085.51406249999,2,513050.SH,易方达中证海外中国互联网50ETF(QDII),False,-10269.175000000003
0.0,0.0,2,160723.SZ,嘉实原油(QDII-LOF-FOF),False,0.0
52458.284375,40338.0421875,2,512400.SH,南方中证申万有色金属ETF,False,-12120.2421875
102952.959375,56374.346874999996,2,512040.SH,富国中证价值ETF,False,-46578.61250000001
70465.68125,61472.64062499999,2,512890.SH,华泰柏瑞中证红利低波动ETF,False,-8993.040625000001
28514.08125,23996.109375,2,512480.SH,国联安中证全指半导体产品与设备ETF,False,-4517.971874999999
26099.862500000003,26376.425000000003,2,513520.SH,华夏野村日经225ETF(QDII),False,276.5625
0.0,0.0,2,515880.SH,国泰中证全指通信设备ETF,False,0.0
31078.0,12000.9046875,2,515180.SH,易方达中证红利ETF,False,-19077.0953125
27946.8875,17693.384374999998,2,159985.SZ,华夏饲料豆粕期货ETF,False,-10253.503125000003
97753.33125,55464.0078125,2,159980.SZ,大成有色金属期货ETF,False,-42289.3234375
41743.2421875,24032.8828125,2,159995.SZ,华夏国证半导体芯片ETF,False,-17710.359375
45316.22499999999,13070.0625,2,159981.SZ,建信易盛郑商所能源化工期货ETF,False,-32246.16249999999
42335.31875,16689.5015625,2,513090.SH,易方达中证香港证券投资主题ETF,False,-25645.817187499997
8956.0625,8732.1609375,2,511380.SH,博时中证可转债及可交换债券ETF,False,-223.90156249999927
4171.529687499999,3944.3359374999995,2,518850.SH,华夏黄金ETF,False,-227.1937499999999
0.0,0.0,2,511360.SH,海富通中证短融ETF,False,0.0
0.0,0.0,2,588000.SH,华夏上证科创板50成份ETF,False,0.0
0.0,0.0,2,588080.SH,易方达上证科创板50成份ETF,False,0.0
0.0,0.0,2,159870.SZ,鹏华中证细分化工产业主题ETF,False,0.0
0.0,0.0,2,513330.SH,华夏恒生互联网科技业ETF(QDII),False,0.0
0.0,0.0,2,516310.SH,易方达中证银行ETF,False,0.0
0.0,0.0,2,159887.SZ,富国中证800银行ETF,False,0.0
0.0,0.0,2,513690.SH,博时恒生港股通高股息率ETF,False,0.0
0.0,0.0,2,159611.SZ,广发中证全指电力公用事业ETF,False,0.0
0.0,0.0,2,159792.SZ,富国中证港股通互联网ETF,False,0.0
0.0,0.0,2,562500.SH,华夏中证机器人ETF,False,0.0
0.0,0.0,2,513130.SH,华泰柏瑞南方东英恒生科技指数ETF(QDII),False,0.0
0.0,0.0,2,513180.SH,华夏恒生科技ETF(QDII),False,0.0
0.0,0.0,2,513120.SH,广发中证香港创新药ETF(QDII),False,0.0
0.0,0.0,2,513310.SH,华泰柏瑞中证韩交所中韩半导体ETF(QDII),False,0.0
0.0,0.0,2,159516.SZ,国泰中证半导体材料设备主题ETF,False,0.0
0.0,0.0,2,563300.SH,华泰柏瑞中证2000ETF,False,0.0
0.0,0.0,2,159682.SZ,景顺长城创业板50ETF,False,0.0
0.0,0.0,2,513730.SH,华泰柏瑞南方东英新交所泛东南亚科技ETF(QDII),False,0.0
0.0,0.0,2,513400.SH,鹏华道琼斯工业平均ETF(QDII),False,0.0
0.0,0.0,2,159570.SZ,汇添富国证港股通创新药ETF,False,0.0
0.0,0.0,2,159583.SZ,富国中证通信设备主题ETF,False,0.0
0.0,0.0,2,159530.SZ,易方达国证机器人产业ETF,False,0.0
0.0,0.0,2,159326.SZ,华夏中证电网设备主题ETF,False,0.0
0.0,0.0,2,159206.SZ,永赢国证商用卫星通信产业ETF,False,0.0
0.0,0.0,2,563360.SH,华泰柏瑞中证A500ETF,False,0.0
0.0,0.0,2,159201.SZ,华夏国证自由现金流ETF,False,0.0
0.0,0.0,2,159399.SZ,国泰富时中国A股自由现金流聚焦ETF,False,0.0
0.0,8520.1171875,2,518800.SH,国泰黄金ETF,True,8520.1171875
0.0,0.0,2,150153.SZ,富国创业板指数分级-B,True,0.0
0.0,0.0,2,511660.SH,建信现金添益货币ETF-H,True,0.0
0.0,0.0,2,150228.SZ,鹏华中证银行指数分级-B,True,0.0
0.0,0.0,2,150201.SZ,招商中证全指证券公司指数分级-B,True,0.0
0.0,0.0,2,150152.SZ,富国创业板指数分级-A,True,0.0
0.0,0.0,2,159901.SZ,易方达深证100ETF,True,0.0
0.0,0.0,2,510180.SH,华安上证180ETF,True,0.0
0.0,43079.234375,2,512660.SH,国泰中证军工ETF,True,43079.234375
0.0,0.0,2,150018.SZ,银华深证100指数分级-稳健,True,0.0
0.0,0.0,2,512180.SH,建信MSCI中国A股国际通ETF,True,0.0
0.0,0.0,2,512090.SH,易方达MSCI中国A股国际通ETF,True,0.0
0.0,0.0,2,159902.SZ,华夏中小企业100ETF,True,0.0
0.0,0.0,2,159922.SZ,嘉实中证500ETF,True,0.0
0.0,41954.204687499994,2,162411.SZ,华宝标普石油天然气上游股票指数(QDII-LOF)-A-CNY,True,41954.204687499994
0.0,0.0,2,150019.SZ,银华深证100指数分级-积极,True,0.0
0.0,36771.290625,2,150197.SZ,国泰国证有色金属行业指数分级-B,True,36771.290625
0.0,0.0,2,159939.SZ,广发中证全指信息技术ETF,True,0.0
0.0,27926.509375,2,512010.SH,易方达沪深300医药卫生ETF,True,27926.509375
0.0,26971.6703125,2,159905.SZ,工银瑞信深证红利ETF,True,26971.6703125
0.0,8330.55,2,160416.SZ,华安标普全球石油指数(QDII-LOF)-A,True,8330.55
0.0,75761.8390625,2,512290.SH,国泰中证生物医药ETF,True,75761.8390625
0.0,24094.649999999998,2,512760.SH,国泰CES半导体芯片行业ETF,True,24094.649999999998
0.0,35732.5015625,2,513030.SH,华安国际龙头(DAX)ETF(QDII),True,35732.5015625
0.0,13493.751562500001,2,159966.SZ,华夏创业板低波价值ETF,True,13493.751562500001
0.0,0.0,2,511260.SH,国泰上证10年期国债ETF,True,0.0
0.0,0.0,2,515030.SH,华夏中证新能源汽车ETF,True,0.0
0.0,0.0,2,512690.SH,鹏华中证酒ETF,True,0.0
0.0,0.0,2,512700.SH,南方中证银行ETF,True,0.0
0.0,0.0,2,513550.SH,华泰柏瑞中证港股通50ETF,True,0.0
0.0,0.0,2,515790.SH,华泰柏瑞中证光伏产业ETF,True,0.0
0.0,0.0,2,164906.SZ,交银中证海外中国互联网指数(QDII-LOF)-A,True,0.0
0.0,0.0,2,513300.SH,华夏纳斯达克100ETF(QDII),True,0.0
0.0,0.0,2,513360.SH,博时中证全球中国教育主题ETF(QDII),True,0.0
0.0,0.0,2,513060.SH,博时恒生医疗保健ETF(QDII),True,0.0
0.0,0.0,2,159605.SZ,广发中证海外中国互联网30ETF(QDII),True,0.0
0.0,0.0,2,159632.SZ,华安纳斯达克100ETF(QDII),True,0.0
0.0,0.0,2,515100.SH,景顺长城中证红利低波动100ETF,True,0.0
0.0,0.0,2,511520.SH,富国中债7-10年政策性金融债ETF,True,0.0
0.0,0.0,2,513880.SH,华安三菱日联日经225ETF(QDII),True,0.0
0.0,0.0,2,512170.SH,华宝中证医疗ETF,True,0.0
0.0,0.0,2,159509.SZ,景顺长城纳斯达克科技市值加权ETF(QDII),True,0.0
0.0,0.0,2,517520.SH,永赢中证沪深港黄金产业股票ETF,True,0.0
0.0,0.0,2,511090.SH,鹏扬中债-30年期国债ETF,True,0.0
0.0,0.0,2,159529.SZ,景顺长城标普消费精选ETF(QDII),True,0.0
0.0,0.0,2,161116.SZ,易方达黄金主题(QDII-LOF-FOF)-A-CNY,True,0.0
0.0,0.0,2,512820.SH,汇添富中证银行ETF,True,0.0
0.0,0.0,2,588200.SH,嘉实上证科创板芯片ETF,True,0.0
0.0,0.0,3,159915.SZ,易方达创业板ETF,False,0.0
0.0,0.0,3,510500.SH,南方中证500ETF,False,0.0
114586.3453125,82186.575,3,511880.SH,银华货币ETF-A,False,-32399.770312499997
15541.375000000002,6726.187500000001,3,510050.SH,华夏上证50ETF,False,-8815.1875
0.0,0.0,3,510300.SH,华泰柏瑞沪深300ETF,False,0.0
0.0,0.0,3,159919.SZ,嘉实沪深300ETF,False,0.0
0.0,0.0,3,510880.SH,华泰柏瑞上证红利ETF,False,0.0
70210.6609375,49888.478125,3,513100.SH,国泰纳斯达克100ETF(QDII),False,-20322.182812499996
29220.928125000002,24240.5390625,3,159920.SZ,华夏恒生ETF(QDII),False,-4980.389062500002
0.0,312.490625,3,511990.SH,华宝现金添益货币ETF-A,False,312.490625
141359.371875,79073.85,3,511010.SH,国泰上证5年期国债ETF,False,-62285.521875000006
125399.35,73421.9703125,3,518880.SH,华安易富黄金ETF,False,-51977.37968750001
118159.9140625,81644.3765625,3,513500.SH,博时标普500ETF(QDII),False,-36515.537500000006
178687.7171875,150092.9921875,3,512070.SH,易方达沪深300非银行金融ETF,False,-28594.725000000006
69664.39374999999,32664.128125,3,511220.SH,海富通上证城投债ETF,False,-37000.265624999985
17740.3609375,7985.6484375,3,161226.SZ,国投瑞银白银期货(LOF)-A,False,-9754.712500000001
55123.35625,41164.9703125,3,501018.SH,南方原油(QDII-LOF-FOF)-A,False,-13958.385937499996
106676.0203125,79077.240625,3,512880.SH,国泰中证全指证券公司ETF,False,-27598.77968749999
0.0,0.0,3,512100.SH,南方中证1000ETF,False,0.0
0.0,0.0,3,159949.SZ,华安创业板50ETF,False,0.0
0.0,0.0,3,513050.SH,易方达中证海外中国互联网50ETF(QDII),False,0.0
63921.5953125,56099.006250000006,3,160723.SZ,嘉实原油(QDII-LOF-FOF),False,-7822.589062499996
0.0,0.0,3,512400.SH,南方中证申万有色金属ETF,False,0.0
0.0,0.0,3,512040.SH,富国中证价值ETF,False,0.0
0.0,0.0,3,512890.SH,华泰柏瑞中证红利低波动ETF,False,0.0
15519.55,13100.3125,3,512480.SH,国联安中证全指半导体产品与设备ETF,False,-2419.2374999999993
68471.4328125,45532.645312500004,3,513520.SH,华夏野村日经225ETF(QDII),False,-22938.7875
0.0,0.0,3,515880.SH,国泰中证全指通信设备ETF,False,0.0
0.0,0.0,3,515180.SH,易方达中证红利ETF,False,0.0
51051.790625,42335.967187500006,3,159985.SZ,华夏饲料豆粕期货ETF,False,-8715.823437499996
9645.2015625,7944.2015625,3,159980.SZ,大成有色金属期货ETF,False,-1701.0
23384.059374999997,19549.825,3,159995.SZ,华夏国证半导体芯片ETF,False,-3834.2343749999964
0.0,0.0,3,159981.SZ,建信易盛郑商所能源化工期货ETF,False,0.0
51818.50625,42671.41875,3,513090.SH,易方达中证香港证券投资主题ETF,False,-9147.087500000001
0.0,0.0,3,511380.SH,博时中证可转债及可交换债券ETF,False,0.0
123562.021875,78186.625,3,518850.SH,华夏黄金ETF,False,-45375.396875000006
116644.81718750001,70999.3421875,3,511360.SH,海富通中证短融ETF,False,-45645.475000000006
7335.440625,0.0,3,588000.SH,华夏上证科创板50成份ETF,False,-7335.440625
0.0,0.0,3,588080.SH,易方达上证科创板50成份ETF,False,0.0
0.0,0.0,3,159870.SZ,鹏华中证细分化工产业主题ETF,False,0.0
17484.796875,14399.328125,3,513330.SH,华夏恒生互联网科技业ETF(QDII),False,-3085.46875
101308.0796875,78239.1921875,3,516310.SH,易方达中证银行ETF,False,-23068.887499999997
109285.3234375,64464.72812500001,3,159887.SZ,富国中证800银行ETF,False,-44820.595312499994
6918.5390625,5739.1453125,3,513690.SH,博时恒生港股通高股息率ETF,False,-1179.3937500000002
0.0,0.0,3,159611.SZ,广发中证全指电力公用事业ETF,False,0.0
128357.178125,106136.62812500002,3,159792.SZ,富国中证港股通互联网ETF,False,-22220.54999999999
0.0,0.0,3,562500.SH,华夏中证机器人ETF,False,0.0
32194.234375,26537.6796875,3,513130.SH,华泰柏瑞南方东英恒生科技指数ETF(QDII),False,-5656.5546875
24534.3640625,20247.5375,3,513180.SH,华夏恒生科技ETF(QDII),False,-4286.826562500002
131062.48437500001,102295.709375,3,513120.SH,广发中证香港创新药ETF(QDII),False,-28766.77500000001
0.0,0.0,3,513310.SH,华泰柏瑞中证韩交所中韩半导体ETF(QDII),False,0.0
0.0,0.0,3,159516.SZ,国泰中证半导体材料设备主题ETF,False,0.0
141.1265625,347.4796875,3,563300.SH,华泰柏瑞中证2000ETF,False,206.353125
0.0,0.0,3,159682.SZ,景顺长城创业板50ETF,False,0.0
147921.9609375,106334.6890625,3,513730.SH,华泰柏瑞南方东英新交所泛东南亚科技ETF(QDII),False,-41587.271875000006
39272.7578125,26059.7390625,3,513400.SH,鹏华道琼斯工业平均ETF(QDII),False,-13213.01875
178109.825,122941.178125,3,159570.SZ,汇添富国证港股通创新药ETF,False,-55168.646875000006
0.0,0.0,3,159583.SZ,富国中证通信设备主题ETF,False,0.0
0.0,0.0,3,159530.SZ,易方达国证机器人产业ETF,False,0.0
0.0,0.0,3,159326.SZ,华夏中证电网设备主题ETF,False,0.0
0.0,0.0,3,159206.SZ,永赢国证商用卫星通信产业ETF,False,0.0
0.0,0.0,3,563360.SH,华泰柏瑞中证A500ETF,False,0.0
0.0,0.0,3,159201.SZ,华夏国证自由现金流ETF,False,0.0
0.0,0.0,3,159399.SZ,国泰富时中国A股自由现金流聚焦ETF,False,0.0
0.0,24095.34375,3,518800.SH,国泰黄金ETF,True,24095.34375
0.0,0.0,3,150153.SZ,富国创业板指数分级-B,True,0.0
0.0,0.0,3,511660.SH,建信现金添益货币ETF-H,True,0.0
0.0,0.0,3,150228.SZ,鹏华中证银行指数分级-B,True,0.0
0.0,0.0,3,150201.SZ,招商中证全指证券公司指数分级-B,True,0.0
0.0,0.0,3,150152.SZ,富国创业板指数分级-A,True,0.0
0.0,0.0,3,159901.SZ,易方达深证100ETF,True,0.0
0.0,0.0,3,510180.SH,华安上证180ETF,True,0.0
0.0,0.0,3,512660.SH,国泰中证军工ETF,True,0.0
0.0,0.0,3,150018.SZ,银华深证100指数分级-稳健,True,0.0
0.0,0.0,3,512180.SH,建信MSCI中国A股国际通ETF,True,0.0
0.0,0.0,3,512090.SH,易方达MSCI中国A股国际通ETF,True,0.0
0.0,0.0,3,159902.SZ,华夏中小企业100ETF,True,0.0
0.0,0.0,3,159922.SZ,嘉实中证500ETF,True,0.0
0.0,0.0,3,162411.SZ,华宝标普石油天然气上游股票指数(QDII-LOF)-A-CNY,True,0.0
0.0,0.0,3,150019.SZ,银华深证100指数分级-积极,True,0.0
0.0,0.0,3,150197.SZ,国泰国证有色金属行业指数分级-B,True,0.0
0.0,0.0,3,159939.SZ,广发中证全指信息技术ETF,True,0.0
0.0,25497.596875,3,512010.SH,易方达沪深300医药卫生ETF,True,25497.596875
0.0,0.0,3,159905.SZ,工银瑞信深证红利ETF,True,0.0
0.0,0.0,3,160416.SZ,华安标普全球石油指数(QDII-LOF)-A,True,0.0
0.0,0.0,3,512290.SH,国泰中证生物医药ETF,True,0.0
0.0,0.0,3,512760.SH,国泰CES半导体芯片行业ETF,True,0.0
0.0,0.0,3,513030.SH,华安国际龙头(DAX)ETF(QDII),True,0.0
0.0,0.0,3,159966.SZ,华夏创业板低波价值ETF,True,0.0
0.0,0.0,3,511260.SH,国泰上证10年期国债ETF,True,0.0
0.0,0.0,3,515030.SH,华夏中证新能源汽车ETF,True,0.0
0.0,0.0,3,512690.SH,鹏华中证酒ETF,True,0.0
0.0,54245.8125,3,512700.SH,南方中证银行ETF,True,54245.8125
0.0,0.0,3,513550.SH,华泰柏瑞中证港股通50ETF,True,0.0
0.0,0.0,3,515790.SH,华泰柏瑞中证光伏产业ETF,True,0.0
0.0,0.0,3,164906.SZ,交银中证海外中国互联网指数(QDII-LOF)-A,True,0.0
0.0,55809.643749999996,3,513300.SH,华夏纳斯达克100ETF(QDII),True,55809.643749999996
0.0,0.0,3,513360.SH,博时中证全球中国教育主题ETF(QDII),True,0.0
0.0,0.0,3,513060.SH,博时恒生医疗保健ETF(QDII),True,0.0
0.0,0.0,3,159605.SZ,广发中证海外中国互联网30ETF(QDII),True,0.0
0.0,0.0,3,159632.SZ,华安纳斯达克100ETF(QDII),True,0.0
0.0,0.0,3,515100.SH,景顺长城中证红利低波动100ETF,True,0.0
0.0,96535.725,3,511520.SH,富国中债7-10年政策性金融债ETF,True,96535.725
0.0,33813.009374999994,3,513880.SH,华安三菱日联日经225ETF(QDII),True,33813.009374999994
0.0,37601.671875,3,512170.SH,华宝中证医疗ETF,True,37601.671875
0.0,0.0,3,159509.SZ,景顺长城纳斯达克科技市值加权ETF(QDII),True,0.0
0.0,0.0,3,517520.SH,永赢中证沪深港黄金产业股票ETF,True,0.0
0.0,0.0,3,511090.SH,鹏扬中债-30年期国债ETF,True,0.0
0.0,0.0,3,159529.SZ,景顺长城标普消费精选ETF(QDII),True,0.0
0.0,0.0,3,161116.SZ,易方达黄金主题(QDII-LOF-FOF)-A-CNY,True,0.0
0.0,0.0,3,512820.SH,汇添富中证银行ETF,True,0.0
0.0,0.0,3,588200.SH,嘉实上证科创板芯片ETF,True,0.0
72595.94843749999,49476.0140625,4,159915.SZ,易方达创业板ETF,False,-23119.93437499999
11488.140625,8068.040625,4,510500.SH,南方中证500ETF,False,-3420.1000000000004
367451.275,348400.059375,4,511880.SH,银华货币ETF-A,False,-19051.21562500001
0.0,0.0,4,510050.SH,华夏上证50ETF,False,0.0
7521.160937500001,0.0,4,510300.SH,华泰柏瑞沪深300ETF,False,-7521.160937500001
0.0,0.0,4,159919.SZ,嘉实沪深300ETF,False,0.0
3651.5328125,3737.403125,4,510880.SH,华泰柏瑞上证红利ETF,False,85.87031249999973
48219.7234375,48305.537500000006,4,513100.SH,国泰纳斯达克100ETF(QDII),False,85.81406250000873
14346.871875,3574.2500000000005,4,159920.SZ,华夏恒生ETF(QDII),False,-10772.621875
4375.349999999999,3437.7749999999996,4,511990.SH,华宝现金添益货币ETF-A,False,-937.5749999999998
57091.056249999994,42709.46875,4,511010.SH,国泰上证5年期国债ETF,False,-14381.587499999994
63189.503125,42111.618749999994,4,518880.SH,华安易富黄金ETF,False,-21077.88437500001
54108.5421875,46825.303125,4,513500.SH,博时标普500ETF(QDII),False,-7283.239062500004
0.0,0.0,4,512070.SH,易方达沪深300非银行金融ETF,False,0.0
46865.7515625,33790.8734375,4,511220.SH,海富通上证城投债ETF,False,-13074.878125000003
33089.1203125,26928.134375,4,161226.SZ,国投瑞银白银期货(LOF)-A,False,-6160.9859375000015
3560.5312499999995,0.0,4,501018.SH,南方原油(QDII-LOF-FOF)-A,False,-3560.5312499999995
18893.821875,7256.753124999999,4,512880.SH,国泰中证全指证券公司ETF,False,-11637.068750000002
23251.94375,15372.91875,4,512100.SH,南方中证1000ETF,False,-7879.024999999998
86044.484375,75670.63593749999,4,159949.SZ,华安创业板50ETF,False,-10373.848437500012
47449.190624999996,43437.857812500006,4,513050.SH,易方达中证海外中国互联网50ETF(QDII),False,-4011.33281249999
0.0,0.0,4,160723.SZ,嘉实原油(QDII-LOF-FOF),False,0.0
0.0,0.0,4,512400.SH,南方中证申万有色金属ETF,False,0.0
3683.24375,3626.0390625,4,512040.SH,富国中证价值ETF,False,-57.20468750000009
10990.4359375,7436.690625,4,512890.SH,华泰柏瑞中证红利低波动ETF,False,-3553.7453125
20711.09375,20746.025,4,512480.SH,国联安中证全指半导体产品与设备ETF,False,34.931250000001455
79786.2984375,65017.75,4,513520.SH,华夏野村日经225ETF(QDII),False,-14768.548437499994
15178.842187499999,18885.9234375,4,515880.SH,国泰中证全指通信设备ETF,False,3707.081250000003
11772.775000000001,11414.6109375,4,515180.SH,易方达中证红利ETF,False,-358.1640625000018
13070.615624999999,12308.209375,4,159985.SZ,华夏饲料豆粕期货ETF,False,-762.4062499999982
17906.46875,7220.825000000001,4,159980.SZ,大成有色金属期货ETF,False,-10685.64375
14851.875,14913.8515625,4,159995.SZ,华夏国证半导体芯片ETF,False,61.9765625
18489.5765625,11001.278124999999,4,159981.SZ,建信易盛郑商所能源化工期货ETF,False,-7488.2984375
0.0,0.0,4,513090.SH,易方达中证香港证券投资主题ETF,False,0.0
0.0,0.0,4,511380.SH,博时中证可转债及可交换债券ETF,False,0.0
0.0,0.0,4,518850.SH,华夏黄金ETF,False,0.0
0.0,0.0,4,511360.SH,海富通中证短融ETF,False,0.0
0.0,0.0,4,588000.SH,华夏上证科创板50成份ETF,False,0.0
0.0,0.0,4,588080.SH,易方达上证科创板50成份ETF,False,0.0
0.0,0.0,4,159870.SZ,鹏华中证细分化工产业主题ETF,False,0.0
0.0,0.0,4,513330.SH,华夏恒生互联网科技业ETF(QDII),False,0.0
0.0,0.0,4,516310.SH,易方达中证银行ETF,False,0.0
0.0,0.0,4,159887.SZ,富国中证800银行ETF,False,0.0
0.0,0.0,4,513690.SH,博时恒生港股通高股息率ETF,False,0.0
0.0,0.0,4,159611.SZ,广发中证全指电力公用事业ETF,False,0.0
0.0,0.0,4,159792.SZ,富国中证港股通互联网ETF,False,0.0
0.0,0.0,4,562500.SH,华夏中证机器人ETF,False,0.0
0.0,0.0,4,513130.SH,华泰柏瑞南方东英恒生科技指数ETF(QDII),False,0.0
0.0,0.0,4,513180.SH,华夏恒生科技ETF(QDII),False,0.0
0.0,0.0,4,513120.SH,广发中证香港创新药ETF(QDII),False,0.0
0.0,0.0,4,513310.SH,华泰柏瑞中证韩交所中韩半导体ETF(QDII),False,0.0
0.0,0.0,4,159516.SZ,国泰中证半导体材料设备主题ETF,False,0.0
0.0,0.0,4,563300.SH,华泰柏瑞中证2000ETF,False,0.0
0.0,0.0,4,159682.SZ,景顺长城创业板50ETF,False,0.0
0.0,0.0,4,513730.SH,华泰柏瑞南方东英新交所泛东南亚科技ETF(QDII),False,0.0
0.0,0.0,4,513400.SH,鹏华道琼斯工业平均ETF(QDII),False,0.0
0.0,0.0,4,159570.SZ,汇添富国证港股通创新药ETF,False,0.0
0.0,0.0,4,159583.SZ,富国中证通信设备主题ETF,False,0.0
0.0,0.0,4,159530.SZ,易方达国证机器人产业ETF,False,0.0
0.0,0.0,4,159326.SZ,华夏中证电网设备主题ETF,False,0.0
0.0,0.0,4,159206.SZ,永赢国证商用卫星通信产业ETF,False,0.0
0.0,0.0,4,563360.SH,华泰柏瑞中证A500ETF,False,0.0
0.0,0.0,4,159201.SZ,华夏国证自由现金流ETF,False,0.0
0.0,0.0,4,159399.SZ,国泰富时中国A股自由现金流聚焦ETF,False,0.0
0.0,3595.06875,4,518800.SH,国泰黄金ETF,True,3595.06875
0.0,42741.8625,4,150153.SZ,富国创业板指数分级-B,True,42741.8625
0.0,9375.971875,4,511660.SH,建信现金添益货币ETF-H,True,9375.971875
0.0,0.0,4,150228.SZ,鹏华中证银行指数分级-B,True,0.0
0.0,0.0,4,150201.SZ,招商中证全指证券公司指数分级-B,True,0.0
0.0,0.0,4,150152.SZ,富国创业板指数分级-A,True,0.0
0.0,11877.853125,4,159901.SZ,易方达深证100ETF,True,11877.853125
0.0,0.0,4,510180.SH,华安上证180ETF,True,0.0
0.0,23046.3984375,4,512660.SH,国泰中证军工ETF,True,23046.3984375
0.0,0.0,4,150018.SZ,银华深证100指数分级-稳健,True,0.0
0.0,0.0,4,512180.SH,建信MSCI中国A股国际通ETF,True,0.0
0.0,0.0,4,512090.SH,易方达MSCI中国A股国际通ETF,True,0.0
0.0,0.0,4,159902.SZ,华夏中小企业100ETF,True,0.0
0.0,0.0,4,159922.SZ,嘉实中证500ETF,True,0.0
0.0,18235.41875,4,162411.SZ,华宝标普石油天然气上游股票指数(QDII-LOF)-A-CNY,True,18235.41875
0.0,15771.1046875,4,150019.SZ,银华深证100指数分级-积极,True,15771.1046875
0.0,0.0,4,150197.SZ,国泰国证有色金属行业指数分级-B,True,0.0
0.0,14482.949999999999,4,159939.SZ,广发中证全指信息技术ETF,True,14482.949999999999
0.0,46887.553125,4,512010.SH,易方达沪深300医药卫生ETF,True,46887.553125
0.0,11007.2390625,4,159905.SZ,工银瑞信深证红利ETF,True,11007.2390625
0.0,10927.256249999999,4,160416.SZ,华安标普全球石油指数(QDII-LOF)-A,True,10927.256249999999
0.0,0.0,4,512290.SH,国泰中证生物医药ETF,True,0.0
0.0,0.0,4,512760.SH,国泰CES半导体芯片行业ETF,True,0.0
0.0,0.0,4,513030.SH,华安国际龙头(DAX)ETF(QDII),True,0.0
0.0,0.0,4,159966.SZ,华夏创业板低波价值ETF,True,0.0
0.0,0.0,4,511260.SH,国泰上证10年期国债ETF,True,0.0
0.0,0.0,4,515030.SH,华夏中证新能源汽车ETF,True,0.0
0.0,0.0,4,512690.SH,鹏华中证酒ETF,True,0.0
0.0,0.0,4,512700.SH,南方中证银行ETF,True,0.0
0.0,0.0,4,513550.SH,华泰柏瑞中证港股通50ETF,True,0.0
0.0,0.0,4,515790.SH,华泰柏瑞中证光伏产业ETF,True,0.0
0.0,0.0,4,164906.SZ,交银中证海外中国互联网指数(QDII-LOF)-A,True,0.0
0.0,0.0,4,513300.SH,华夏纳斯达克100ETF(QDII),True,0.0
0.0,0.0,4,513360.SH,博时中证全球中国教育主题ETF(QDII),True,0.0
0.0,0.0,4,513060.SH,博时恒生医疗保健ETF(QDII),True,0.0
0.0,0.0,4,159605.SZ,广发中证海外中国互联网30ETF(QDII),True,0.0
0.0,0.0,4,159632.SZ,华安纳斯达克100ETF(QDII),True,0.0
0.0,0.0,4,515100.SH,景顺长城中证红利低波动100ETF,True,0.0
0.0,0.0,4,511520.SH,富国中债7-10年政策性金融债ETF,True,0.0
0.0,0.0,4,513880.SH,华安三菱日联日经225ETF(QDII),True,0.0
0.0,0.0,4,512170.SH,华宝中证医疗ETF,True,0.0
0.0,0.0,4,159509.SZ,景顺长城纳斯达克科技市值加权ETF(QDII),True,0.0
0.0,0.0,4,517520.SH,永赢中证沪深港黄金产业股票ETF,True,0.0
0.0,0.0,4,511090.SH,鹏扬中债-30年期国债ETF,True,0.0
0.0,0.0,4,159529.SZ,景顺长城标普消费精选ETF(QDII),True,0.0
0.0,0.0,4,161116.SZ,易方达黄金主题(QDII-LOF-FOF)-A-CNY,True,0.0
0.0,0.0,4,512820.SH,汇添富中证银行ETF,True,0.0
0.0,0.0,4,588200.SH,嘉实上证科创板芯片ETF,True,0.0
0.0,0.0,5,159915.SZ,易方达创业板ETF,False,0.0
0.0,0.0,5,510500.SH,南方中证500ETF,False,0.0
54506.1640625,30966.621875000004,5,511880.SH,银华货币ETF-A,False,-23539.542187499996
0.0,0.0,5,510050.SH,华夏上证50ETF,False,0.0
0.0,0.0,5,510300.SH,华泰柏瑞沪深300ETF,False,0.0
0.0,0.0,5,159919.SZ,嘉实沪深300ETF,False,0.0
129812.9328125,65235.421875,5,510880.SH,华泰柏瑞上证红利ETF,False,-64577.5109375
292384.7578125,183768.18281250002,5,513100.SH,国泰纳斯达克100ETF(QDII),False,-108616.57499999998
0.0,0.0,5,159920.SZ,华夏恒生ETF(QDII),False,0.0
0.0,0.0,5,511990.SH,华宝现金添益货币ETF-A,False,0.0
15601.4734375,12305.3875,5,511010.SH,国泰上证5年期国债ETF,False,-3296.0859375
134117.109375,72096.8609375,5,518880.SH,华安易富黄金ETF,False,-62020.248437500006
190210.32187500002,102196.37187500001,5,513500.SH,博时标普500ETF(QDII),False,-88013.95000000001
116648.3859375,91387.990625,5,512070.SH,易方达沪深300非银行金融ETF,False,-25260.395312499997
47162.4890625,12348.928125,5,511220.SH,海富通上证城投债ETF,False,-34813.5609375
605048.8843750001,477016.4953125,5,161226.SZ,国投瑞银白银期货(LOF)-A,False,-128032.38906250015
0.0,0.0,5,501018.SH,南方原油(QDII-LOF-FOF)-A,False,0.0
0.0,0.0,5,512880.SH,国泰中证全指证券公司ETF,False,0.0
0.0,0.0,5,512100.SH,南方中证1000ETF,False,0.0
0.0,0.0,5,159949.SZ,华安创业板50ETF,False,0.0
0.0,0.0,5,513050.SH,易方达中证海外中国互联网50ETF(QDII),False,0.0
0.0,0.0,5,160723.SZ,嘉实原油(QDII-LOF-FOF),False,0.0
316704.73124999995,223194.50625,5,512400.SH,南方中证申万有色金属ETF,False,-93510.22499999995
16105.812499999998,12704.881249999999,5,512040.SH,富国中证价值ETF,False,-3400.9312499999996
47682.2375,37616.8125,5,512890.SH,华泰柏瑞中证红利低波动ETF,False,-10065.425000000003
0.0,0.0,5,512480.SH,国联安中证全指半导体产品与设备ETF,False,0.0
197773.984375,158463.61875,5,513520.SH,华夏野村日经225ETF(QDII),False,-39310.365625000006
263097.42812500003,182218.08125,5,515880.SH,国泰中证全指通信设备ETF,False,-80879.34687500005
0.0,0.0,5,515180.SH,易方达中证红利ETF,False,0.0
138500.74375000002,108785.240625,5,159985.SZ,华夏饲料豆粕期货ETF,False,-29715.503125000017
313425.146875,221058.425,5,159980.SZ,大成有色金属期货ETF,False,-92366.72187499999
0.0,0.0,5,159995.SZ,华夏国证半导体芯片ETF,False,0.0
0.0,0.0,5,159981.SZ,建信易盛郑商所能源化工期货ETF,False,0.0
0.0,0.0,5,513090.SH,易方达中证香港证券投资主题ETF,False,0.0
30899.109375,24372.856249999997,5,511380.SH,博时中证可转债及可交换债券ETF,False,-6526.253125000003
214035.45781249998,123420.371875,5,518850.SH,华夏黄金ETF,False,-90615.08593749999
86265.4609375,67075.8515625,5,511360.SH,海富通中证短融ETF,False,-19189.609375
0.0,0.0,5,588000.SH,华夏上证科创板50成份ETF,False,0.0
0.0,0.0,5,588080.SH,易方达上证科创板50成份ETF,False,0.0
262538.228125,205953.7828125,5,159870.SZ,鹏华中证细分化工产业主题ETF,False,-56584.44531250003
0.0,0.0,5,513330.SH,华夏恒生互联网科技业ETF(QDII),False,0.0
46667.440624999996,12270.05,5,516310.SH,易方达中证银行ETF,False,-34397.390625
79195.63750000001,62406.72656250001,5,159887.SZ,富国中证800银行ETF,False,-16788.910937500004
180485.659375,129378.0703125,5,513690.SH,博时恒生港股通高股息率ETF,False,-51107.58906249999
99321.965625,25705.5,5,159611.SZ,广发中证全指电力公用事业ETF,False,-73616.465625
0.0,0.0,5,159792.SZ,富国中证港股通互联网ETF,False,0.0
0.0,0.0,5,562500.SH,华夏中证机器人ETF,False,0.0
0.0,0.0,5,513130.SH,华泰柏瑞南方东英恒生科技指数ETF(QDII),False,0.0
0.0,0.0,5,513180.SH,华夏恒生科技ETF(QDII),False,0.0
0.0,0.0,5,513120.SH,广发中证香港创新药ETF(QDII),False,0.0
285348.8265625,212316.915625,5,513310.SH,华泰柏瑞中证韩交所中韩半导体ETF(QDII),False,-73031.91093749998
220271.11875,172581.84375,5,159516.SZ,国泰中证半导体材料设备主题ETF,False,-47689.274999999994
15303.25,12072.45,5,563300.SH,华泰柏瑞中证2000ETF,False,-3230.7999999999993
0.0,0.0,5,159682.SZ,景顺长城创业板50ETF,False,0.0
0.0,0.0,5,513730.SH,华泰柏瑞南方东英新交所泛东南亚科技ETF(QDII),False,0.0
62334.01875,49173.109375,5,513400.SH,鹏华道琼斯工业平均ETF(QDII),False,-13160.909375000003
15671.25,12324.31875,5,159570.SZ,汇添富国证港股通创新药ETF,False,-3346.9312499999996
364703.309375,285743.6703125,5,159583.SZ,富国中证通信设备主题ETF,False,-78959.63906250003
66465.8375,52085.8890625,5,159530.SZ,易方达国证机器人产业ETF,False,-14379.948437499996
200965.0859375,145193.121875,5,159326.SZ,华夏中证电网设备主题ETF,False,-55771.96406249999
435284.51875000005,351483.265625,5,159206.SZ,永赢国证商用卫星通信产业ETF,False,-83801.25312500005
0.0,0.0,5,563360.SH,华泰柏瑞中证A500ETF,False,0.0
130772.2875,103164.03125,5,159201.SZ,华夏国证自由现金流ETF,False,-27608.256250000006
31789.739062499997,25077.8109375,5,159399.SZ,国泰富时中国A股自由现金流聚焦ETF,False,-6711.9281249999985
0.0,39883.028125,5,518800.SH,国泰黄金ETF,True,39883.028125
0.0,0.0,5,150153.SZ,富国创业板指数分级-B,True,0.0
0.0,0.0,5,511660.SH,建信现金添益货币ETF-H,True,0.0
0.0,0.0,5,150228.SZ,鹏华中证银行指数分级-B,True,0.0
0.0,0.0,5,150201.SZ,招商中证全指证券公司指数分级-B,True,0.0
0.0,0.0,5,150152.SZ,富国创业板指数分级-A,True,0.0
0.0,0.0,5,159901.SZ,易方达深证100ETF,True,0.0
0.0,0.0,5,510180.SH,华安上证180ETF,True,0.0
0.0,0.0,5,512660.SH,国泰中证军工ETF,True,0.0
0.0,0.0,5,150018.SZ,银华深证100指数分级-稳健,True,0.0
0.0,0.0,5,512180.SH,建信MSCI中国A股国际通ETF,True,0.0
0.0,0.0,5,512090.SH,易方达MSCI中国A股国际通ETF,True,0.0
0.0,0.0,5,159902.SZ,华夏中小企业100ETF,True,0.0
0.0,0.0,5,159922.SZ,嘉实中证500ETF,True,0.0
0.0,0.0,5,162411.SZ,华宝标普石油天然气上游股票指数(QDII-LOF)-A-CNY,True,0.0
0.0,0.0,5,150019.SZ,银华深证100指数分级-积极,True,0.0
0.0,0.0,5,150197.SZ,国泰国证有色金属行业指数分级-B,True,0.0
0.0,0.0,5,159939.SZ,广发中证全指信息技术ETF,True,0.0
0.0,0.0,5,512010.SH,易方达沪深300医药卫生ETF,True,0.0
0.0,0.0,5,159905.SZ,工银瑞信深证红利ETF,True,0.0
0.0,0.0,5,160416.SZ,华安标普全球石油指数(QDII-LOF)-A,True,0.0
0.0,0.0,5,512290.SH,国泰中证生物医药ETF,True,0.0
0.0,0.0,5,512760.SH,国泰CES半导体芯片行业ETF,True,0.0
0.0,0.0,5,513030.SH,华安国际龙头(DAX)ETF(QDII),True,0.0
0.0,0.0,5,159966.SZ,华夏创业板低波价值ETF,True,0.0
0.0,0.0,5,511260.SH,国泰上证10年期国债ETF,True,0.0
0.0,0.0,5,515030.SH,华夏中证新能源汽车ETF,True,0.0
0.0,0.0,5,512690.SH,鹏华中证酒ETF,True,0.0
0.0,12384.09375,5,512700.SH,南方中证银行ETF,True,12384.09375
0.0,0.0,5,513550.SH,华泰柏瑞中证港股通50ETF,True,0.0
0.0,0.0,5,515790.SH,华泰柏瑞中证光伏产业ETF,True,0.0
0.0,0.0,5,164906.SZ,交银中证海外中国互联网指数(QDII-LOF)-A,True,0.0
0.0,0.0,5,513300.SH,华夏纳斯达克100ETF(QDII),True,0.0
0.0,0.0,5,513360.SH,博时中证全球中国教育主题ETF(QDII),True,0.0
0.0,0.0,5,513060.SH,博时恒生医疗保健ETF(QDII),True,0.0
0.0,0.0,5,159605.SZ,广发中证海外中国互联网30ETF(QDII),True,0.0
0.0,0.0,5,159632.SZ,华安纳斯达克100ETF(QDII),True,0.0
0.0,0.0,5,515100.SH,景顺长城中证红利低波动100ETF,True,0.0
0.0,0.0,5,511520.SH,富国中债7-10年政策性金融债ETF,True,0.0
0.0,0.0,5,513880.SH,华安三菱日联日经225ETF(QDII),True,0.0
0.0,0.0,5,512170.SH,华宝中证医疗ETF,True,0.0
0.0,264167.6109375,5,159509.SZ,景顺长城纳斯达克科技市值加权ETF(QDII),True,264167.6109375
0.0,0.0,5,517520.SH,永赢中证沪深港黄金产业股票ETF,True,0.0
0.0,0.0,5,511090.SH,鹏扬中债-30年期国债ETF,True,0.0
0.0,0.0,5,159529.SZ,景顺长城标普消费精选ETF(QDII),True,0.0
0.0,79461.26250000001,5,161116.SZ,易方达黄金主题(QDII-LOF-FOF)-A-CNY,True,79461.26250000001
0.0,36789.5453125,5,512820.SH,汇添富中证银行ETF,True,36789.5453125
0.0,0.0,5,588200.SH,嘉实上证科创板芯片ETF,True,0.0
21835.303125,18175.049999999996,6,159915.SZ,易方达创业板ETF,False,-3660.253125000003
5612.0359375,4481.9234375,6,510500.SH,南方中证500ETF,False,-1130.1125000000002
0.0,0.0,6,511880.SH,银华货币ETF-A,False,0.0
0.0,0.0,6,510050.SH,华夏上证50ETF,False,0.0
0.0,0.0,6,510300.SH,华泰柏瑞沪深300ETF,False,0.0
0.0,0.0,6,159919.SZ,嘉实沪深300ETF,False,0.0
64026.484375,46768.9390625,6,510880.SH,华泰柏瑞上证红利ETF,False,-17257.5453125
90525.528125,34202.36875,6,513100.SH,国泰纳斯达克100ETF(QDII),False,-56323.159374999996
0.0,0.0,6,159920.SZ,华夏恒生ETF(QDII),False,0.0
0.0,0.0,6,511990.SH,华宝现金添益货币ETF-A,False,0.0
0.0,0.0,6,511010.SH,国泰上证5年期国债ETF,False,0.0
0.0,0.0,6,518880.SH,华安易富黄金ETF,False,0.0
63875.8390625,34480.546875,6,513500.SH,博时标普500ETF(QDII),False,-29395.292187500003
0.0,0.0,6,512070.SH,易方达沪深300非银行金融ETF,False,0.0
10501.5953125,4260.33125,6,511220.SH,海富通上证城投债ETF,False,-6241.264062499999
0.0,0.0,6,161226.SZ,国投瑞银白银期货(LOF)-A,False,0.0
15416.034375,12729.059375,6,501018.SH,南方原油(QDII-LOF-FOF)-A,False,-2686.9749999999985
69287.3109375,48132.2734375,6,512880.SH,国泰中证全指证券公司ETF,False,-21155.037500000006
119736.9984375,84350.8734375,6,512100.SH,南方中证1000ETF,False,-35386.125
33065.7390625,23157.1125,6,159949.SZ,华安创业板50ETF,False,-9908.626562499998
0.0,0.0,6,513050.SH,易方达中证海外中国互联网50ETF(QDII),False,0.0
69462.1640625,34723.603125,6,160723.SZ,嘉实原油(QDII-LOF-FOF),False,-34738.5609375
94665.5390625,77241.8890625,6,512400.SH,南方中证申万有色金属ETF,False,-17423.649999999994
77137.94375,58528.1546875,6,512040.SH,富国中证价值ETF,False,-18609.789062500007
56756.684375,32080.3734375,6,512890.SH,华泰柏瑞中证红利低波动ETF,False,-24676.3109375
144061.0109375,114898.07343749999,6,512480.SH,国联安中证全指半导体产品与设备ETF,False,-29162.9375
5036.0921875,0.0,6,513520.SH,华夏野村日经225ETF(QDII),False,-5036.0921875
74211.753125,41606.83125,6,515880.SH,国泰中证全指通信设备ETF,False,-32604.921875
67198.07187500001,50346.16875,6,515180.SH,易方达中证红利ETF,False,-16851.90312500001
0.0,0.0,6,159985.SZ,华夏饲料豆粕期货ETF,False,0.0
55709.05,31537.3921875,6,159980.SZ,大成有色金属期货ETF,False,-24171.6578125
192939.9109375,147584.50156250002,6,159995.SZ,华夏国证半导体芯片ETF,False,-45355.40937499999
56041.8171875,46407.1296875,6,159981.SZ,建信易盛郑商所能源化工期货ETF,False,-9634.6875
0.0,0.0,6,513090.SH,易方达中证香港证券投资主题ETF,False,0.0
59441.0046875,29956.159375000003,6,511380.SH,博时中证可转债及可交换债券ETF,False,-29484.845312499994
0.0,0.0,6,518850.SH,华夏黄金ETF,False,0.0
0.0,0.0,6,511360.SH,海富通中证短融ETF,False,0.0
106638.74843749999,88367.815625,6,588000.SH,华夏上证科创板50成份ETF,False,-18270.93281249999
116444.8484375,82200.20625,6,588080.SH,易方达上证科创板50成份ETF,False,-34244.642187499994
82990.89375,54522.85,6,159870.SZ,鹏华中证细分化工产业主题ETF,False,-28468.043750000004
0.0,0.0,6,513330.SH,华夏恒生互联网科技业ETF(QDII),False,0.0
0.0,0.0,6,516310.SH,易方达中证银行ETF,False,0.0
0.0,0.0,6,159887.SZ,富国中证800银行ETF,False,0.0
0.0,0.0,6,513690.SH,博时恒生港股通高股息率ETF,False,0.0
0.0,0.0,6,159611.SZ,广发中证全指电力公用事业ETF,False,0.0
0.0,0.0,6,159792.SZ,富国中证港股通互联网ETF,False,0.0
0.0,0.0,6,562500.SH,华夏中证机器人ETF,False,0.0
0.0,0.0,6,513130.SH,华泰柏瑞南方东英恒生科技指数ETF(QDII),False,0.0
0.0,0.0,6,513180.SH,华夏恒生科技ETF(QDII),False,0.0
0.0,0.0,6,513120.SH,广发中证香港创新药ETF(QDII),False,0.0
0.0,0.0,6,513310.SH,华泰柏瑞中证韩交所中韩半导体ETF(QDII),False,0.0
0.0,0.0,6,159516.SZ,国泰中证半导体材料设备主题ETF,False,0.0
0.0,0.0,6,563300.SH,华泰柏瑞中证2000ETF,False,0.0
0.0,0.0,6,159682.SZ,景顺长城创业板50ETF,False,0.0
0.0,0.0,6,513730.SH,华泰柏瑞南方东英新交所泛东南亚科技ETF(QDII),False,0.0
0.0,0.0,6,513400.SH,鹏华道琼斯工业平均ETF(QDII),False,0.0
0.0,0.0,6,159570.SZ,汇添富国证港股通创新药ETF,False,0.0
0.0,0.0,6,159583.SZ,富国中证通信设备主题ETF,False,0.0
0.0,0.0,6,159530.SZ,易方达国证机器人产业ETF,False,0.0
0.0,0.0,6,159326.SZ,华夏中证电网设备主题ETF,False,0.0
0.0,0.0,6,159206.SZ,永赢国证商用卫星通信产业ETF,False,0.0
0.0,0.0,6,563360.SH,华泰柏瑞中证A500ETF,False,0.0
0.0,0.0,6,159201.SZ,华夏国证自由现金流ETF,False,0.0
0.0,0.0,6,159399.SZ,国泰富时中国A股自由现金流聚焦ETF,False,0.0
0.0,0.0,6,518800.SH,国泰黄金ETF,True,0.0
0.0,0.0,6,150153.SZ,富国创业板指数分级-B,True,0.0
0.0,0.0,6,511660.SH,建信现金添益货币ETF-H,True,0.0
0.0,0.0,6,150228.SZ,鹏华中证银行指数分级-B,True,0.0
0.0,0.0,6,150201.SZ,招商中证全指证券公司指数分级-B,True,0.0
0.0,0.0,6,150152.SZ,富国创业板指数分级-A,True,0.0
0.0,0.0,6,159901.SZ,易方达深证100ETF,True,0.0
0.0,0.0,6,510180.SH,华安上证180ETF,True,0.0
0.0,111215.728125,6,512660.SH,国泰中证军工ETF,True,111215.728125
0.0,0.0,6,150018.SZ,银华深证100指数分级-稳健,True,0.0
0.0,0.0,6,512180.SH,建信MSCI中国A股国际通ETF,True,0.0
0.0,0.0,6,512090.SH,易方达MSCI中国A股国际通ETF,True,0.0
0.0,0.0,6,159902.SZ,华夏中小企业100ETF,True,0.0
0.0,0.0,6,159922.SZ,嘉实中证500ETF,True,0.0
0.0,17477.125,6,162411.SZ,华宝标普石油天然气上游股票指数(QDII-LOF)-A-CNY,True,17477.125
0.0,0.0,6,150019.SZ,银华深证100指数分级-积极,True,0.0
0.0,0.0,6,150197.SZ,国泰国证有色金属行业指数分级-B,True,0.0
0.0,0.0,6,159939.SZ,广发中证全指信息技术ETF,True,0.0
0.0,0.0,6,512010.SH,易方达沪深300医药卫生ETF,True,0.0
0.0,0.0,6,159905.SZ,工银瑞信深证红利ETF,True,0.0
0.0,0.0,6,160416.SZ,华安标普全球石油指数(QDII-LOF)-A,True,0.0
0.0,0.0,6,512290.SH,国泰中证生物医药ETF,True,0.0
0.0,12573.2546875,6,512760.SH,国泰CES半导体芯片行业ETF,True,12573.2546875
0.0,0.0,6,513030.SH,华安国际龙头(DAX)ETF(QDII),True,0.0
0.0,0.0,6,159966.SZ,华夏创业板低波价值ETF,True,0.0
0.0,8623.3125,6,511260.SH,国泰上证10年期国债ETF,True,8623.3125
0.0,87735.5171875,6,515030.SH,华夏中证新能源汽车ETF,True,87735.5171875
0.0,0.0,6,512690.SH,鹏华中证酒ETF,True,0.0
0.0,0.0,6,512700.SH,南方中证银行ETF,True,0.0
0.0,0.0,6,513550.SH,华泰柏瑞中证港股通50ETF,True,0.0
0.0,0.0,6,515790.SH,华泰柏瑞中证光伏产业ETF,True,0.0
0.0,0.0,6,164906.SZ,交银中证海外中国互联网指数(QDII-LOF)-A,True,0.0
0.0,0.0,6,513300.SH,华夏纳斯达克100ETF(QDII),True,0.0
0.0,0.0,6,513360.SH,博时中证全球中国教育主题ETF(QDII),True,0.0
0.0,0.0,6,513060.SH,博时恒生医疗保健ETF(QDII),True,0.0
0.0,0.0,6,159605.SZ,广发中证海外中国互联网30ETF(QDII),True,0.0
0.0,0.0,6,159632.SZ,华安纳斯达克100ETF(QDII),True,0.0
0.0,0.0,6,515100.SH,景顺长城中证红利低波动100ETF,True,0.0
0.0,0.0,6,511520.SH,富国中债7-10年政策性金融债ETF,True,0.0
0.0,0.0,6,513880.SH,华安三菱日联日经225ETF(QDII),True,0.0
0.0,0.0,6,512170.SH,华宝中证医疗ETF,True,0.0
0.0,0.0,6,159509.SZ,景顺长城纳斯达克科技市值加权ETF(QDII),True,0.0
0.0,0.0,6,517520.SH,永赢中证沪深港黄金产业股票ETF,True,0.0
0.0,0.0,6,511090.SH,鹏扬中债-30年期国债ETF,True,0.0
0.0,0.0,6,159529.SZ,景顺长城标普消费精选ETF(QDII),True,0.0
0.0,0.0,6,161116.SZ,易方达黄金主题(QDII-LOF-FOF)-A-CNY,True,0.0
0.0,0.0,6,512820.SH,汇添富中证银行ETF,True,0.0
0.0,0.0,6,588200.SH,嘉实上证科创板芯片ETF,True,0.0
